"id","gender","item1","item2","item3","item4","item5","item6","item7","item8","item9","item10"
1,"m",0,1,0,1,1,0,0,1,1,0
2,"m",0,1,0,0,1,0,0,0,0,0
3,"m",0,1,1,1,1,1,0,1,1,0
4,"m",1,0,0,1,1,0,0,0,1,0
5,"m",1,1,0,0,1,1,1,1,0,0
6,"m",0,0,0,0,1,0,0,0,0,0
7,"m",1,0,0,0,0,0,0,0,0,0
8,"m",1,0,0,0,0,0,0,1,0,0
9,"m",0,0,0,1,1,0,0,1,0,0
10,"m",0,0,0,0,1,0,0,0,1,0
11,"m",1,1,0,0,1,0,1,1,1,0
12,"m",0,0,1,0,1,0,0,1,1,0
13,"m",0,1,0,0,1,1,1,1,1,0
14,"m",1,1,0,0,1,1,0,0,0,0
15,"m",1,1,1,1,1,1,0,0,1,0
16,"m",0,0,0,0,0,0,0,0,1,1
17,"m",0,1,1,0,1,0,1,0,0,0
18,"m",1,0,0,0,1,1,1,1,1,0
19,"m",1,1,1,1,1,1,0,0,0,0
20,"m",0,0,0,0,1,1,0,0,0,0
21,"m",0,1,0,0,1,0,0,0,0,0
22,"m",1,1,1,1,1,0,0,1,1,0
23,"m",0,0,0,0,1,0,0,0,1,0
24,"m",1,1,0,1,1,0,0,0,1,0
25,"m",0,0,1,1,1,1,0,0,1,0
26,"m",1,1,1,1,1,0,0,1,1,0
27,"m",1,0,0,0,0,0,0,0,0,0
28,"m",1,0,0,1,1,0,0,0,0,0
29,"m",0,0,0,0,0,0,0,0,0,0
30,"m",1,0,0,1,0,1,0,1,0,0
31,"m",1,1,1,0,1,1,1,1,1,0
32,"m",0,1,1,1,1,1,1,1,1,1
33,"m",1,1,0,0,1,1,0,0,1,1
34,"m",1,1,0,0,1,1,0,0,0,1
35,"m",1,1,0,0,1,0,0,1,1,0
36,"m",0,1,0,0,0,0,0,0,0,0
37,"m",1,0,0,0,1,0,0,1,1,0
38,"m",1,1,0,0,1,1,1,0,1,0
39,"m",0,1,0,1,1,0,0,0,1,1
40,"m",0,1,0,0,1,0,0,0,0,0
41,"m",0,0,0,0,1,1,0,0,0,0
42,"m",0,1,1,0,1,0,0,1,1,0
43,"m",1,0,0,0,1,0,0,0,1,0
44,"m",0,0,0,0,1,0,0,0,0,0
45,"m",0,1,1,1,1,0,0,1,1,0
46,"m",1,1,1,0,1,1,0,1,1,0
47,"m",0,0,0,0,1,0,0,0,0,0
48,"m",0,1,0,0,0,0,0,1,1,1
49,"m",1,1,0,0,1,0,0,1,0,0
50,"m",0,1,0,1,1,0,0,1,1,0
51,"m",0,0,0,1,1,0,0,1,1,0
52,"m",1,0,0,0,1,0,0,1,1,0
53,"m",1,1,1,1,1,1,1,1,1,0
54,"m",0,1,1,1,1,0,1,0,1,1
55,"m",0,1,0,1,1,1,0,0,1,0
56,"m",0,1,0,1,1,0,0,0,1,0
57,"m",0,0,0,1,1,1,0,1,1,0
58,"m",0,1,0,0,1,0,1,1,1,0
59,"m",0,1,0,0,1,1,1,1,0,0
60,"m",0,1,1,1,1,0,1,1,1,0
61,"m",1,1,0,1,1,0,0,0,1,0
62,"m",0,1,1,1,1,0,1,1,1,0
63,"m",0,1,1,0,1,1,1,1,1,0
64,"m",1,1,0,1,1,1,0,1,1,0
65,"m",0,1,0,0,0,0,0,1,1,0
66,"m",0,1,0,0,1,1,0,0,0,0
67,"m",0,0,0,0,0,0,0,1,0,0
68,"m",0,1,1,0,1,0,0,1,0,0
69,"m",1,0,0,0,1,0,1,1,1,0
70,"m",1,1,1,1,1,1,1,1,1,0
71,"m",1,1,0,1,1,0,0,1,1,0
72,"m",1,0,0,0,1,0,1,1,1,0
73,"m",1,1,0,1,1,0,0,1,1,0
74,"m",1,1,0,0,1,0,1,1,1,0
75,"m",1,1,1,1,1,1,1,0,1,1
76,"m",1,1,0,0,1,1,1,1,1,0
77,"m",0,1,0,0,1,1,0,1,0,1
78,"m",0,1,0,0,1,0,0,1,0,0
79,"m",1,1,0,1,1,1,0,1,1,0
80,"m",1,1,1,1,1,1,0,0,1,0
81,"m",0,0,0,1,1,1,0,1,1,0
82,"m",1,1,1,0,1,1,0,1,1,1
83,"m",0,0,0,0,0,0,0,0,0,0
84,"m",0,1,0,0,1,0,0,1,0,0
85,"m",0,1,0,0,1,0,0,1,1,0
86,"m",1,0,1,1,1,0,1,0,1,1
87,"m",0,1,1,1,1,1,1,1,1,0
88,"m",0,1,0,0,1,1,0,1,1,0
89,"m",0,1,1,0,1,1,0,1,0,0
90,"m",1,1,1,0,1,0,1,0,1,0
91,"m",1,1,1,1,1,0,1,0,1,1
92,"m",0,1,0,0,1,1,0,0,1,0
93,"m",0,1,0,0,1,0,0,0,1,0
94,"m",1,1,1,1,1,0,0,1,1,0
95,"m",0,0,0,0,1,0,0,0,0,0
96,"m",1,1,1,0,1,1,0,1,0,0
97,"m",0,0,0,0,1,0,0,0,1,0
98,"m",0,1,1,0,1,1,0,1,0,0
99,"m",1,1,1,0,1,1,0,1,1,0
100,"m",0,1,0,0,1,0,1,0,1,0
101,"m",1,1,0,0,0,0,0,0,0,0
102,"m",1,1,0,1,1,0,0,1,1,0
103,"m",1,1,0,1,1,1,0,0,1,0
104,"m",0,0,1,0,1,0,0,1,1,0
105,"m",1,1,1,1,1,0,0,1,1,0
106,"m",0,0,0,0,0,0,0,0,0,0
107,"m",1,1,0,0,1,0,0,1,1,0
108,"m",1,1,1,1,1,1,1,1,1,0
109,"m",1,0,0,1,1,0,0,0,1,0
110,"m",0,0,0,0,0,1,0,1,0,0
111,"m",1,1,0,0,1,1,1,1,1,0
112,"m",0,1,0,0,1,1,0,0,1,0
113,"m",0,0,0,0,1,1,0,0,0,1
114,"m",0,1,0,0,1,1,0,0,0,1
115,"m",0,0,0,1,1,1,1,1,0,0
116,"m",0,1,0,0,1,0,0,1,0,0
117,"m",1,1,0,1,1,1,1,1,1,0
118,"m",0,0,1,1,1,0,1,1,1,0
119,"m",0,0,1,0,1,0,0,0,0,0
120,"m",1,1,1,0,1,1,1,1,1,1
121,"m",1,1,0,0,1,0,1,0,1,0
122,"m",0,0,0,0,1,1,0,1,1,0
123,"m",0,0,0,0,1,0,0,0,1,0
124,"m",0,0,0,0,1,0,1,1,0,0
125,"m",0,1,0,0,1,0,0,0,0,1
126,"m",1,1,0,0,1,1,0,1,1,0
127,"m",0,1,1,1,1,0,1,1,1,0
128,"m",1,1,1,0,0,0,0,1,1,0
129,"m",1,1,0,0,1,0,1,1,1,0
130,"m",0,1,1,1,1,1,1,1,1,0
131,"m",0,0,0,0,1,1,0,0,1,0
132,"m",0,1,0,0,1,0,0,0,1,0
133,"m",0,1,0,0,1,1,1,0,0,0
134,"m",1,1,0,1,1,1,0,0,1,0
135,"m",1,0,0,0,1,0,0,0,0,0
136,"m",0,1,1,0,1,0,0,0,1,0
137,"m",0,0,0,0,1,0,0,0,1,0
138,"m",0,0,0,0,1,1,0,0,1,0
139,"m",0,0,0,0,1,0,0,0,1,0
140,"m",1,1,0,1,1,1,1,1,1,0
141,"m",1,1,0,0,1,1,0,1,1,0
142,"m",1,1,0,1,1,0,1,1,1,1
143,"m",1,1,0,0,1,0,1,0,1,0
144,"m",1,1,1,1,1,1,1,0,1,0
145,"m",1,0,0,0,1,0,1,0,1,0
146,"m",0,0,0,0,1,0,0,0,1,0
147,"m",0,1,0,0,1,0,0,1,1,1
148,"m",0,1,0,1,1,1,0,0,1,1
149,"m",0,1,0,0,1,0,0,1,0,0
150,"m",1,1,0,1,1,0,1,1,1,0
151,"m",1,1,0,1,1,0,0,1,1,0
152,"m",0,1,0,1,1,1,0,1,1,0
153,"m",1,1,0,1,1,0,0,0,1,1
154,"m",0,1,1,1,1,1,1,1,1,0
155,"m",1,1,1,0,1,1,0,1,1,0
156,"m",1,1,0,0,1,0,0,0,1,0
157,"m",1,0,0,0,1,1,0,1,1,0
158,"m",0,1,1,0,1,1,0,1,0,0
159,"m",1,1,1,1,1,1,1,1,1,0
160,"m",1,1,1,0,0,0,0,1,0,0
161,"m",1,1,0,0,1,1,1,1,0,0
162,"m",0,0,1,0,1,1,0,0,1,0
163,"m",0,1,1,0,1,0,1,0,0,0
164,"m",0,1,1,0,1,0,0,1,0,0
165,"m",1,1,0,0,1,0,0,0,0,0
166,"m",1,0,0,0,1,1,1,1,1,0
167,"m",1,1,1,0,1,0,0,1,1,1
168,"m",1,1,1,1,1,1,0,1,1,0
169,"m",0,1,0,0,1,0,0,0,0,0
170,"m",0,1,0,0,1,1,0,1,1,0
171,"m",1,0,0,0,1,1,0,0,0,0
172,"m",1,0,0,0,1,1,1,0,0,0
173,"m",0,1,1,0,1,0,0,1,1,0
174,"m",1,1,0,0,1,0,0,1,0,0
175,"m",0,1,0,0,1,0,1,0,1,0
176,"m",0,1,0,0,1,0,0,0,1,0
177,"m",1,0,0,0,0,0,0,0,1,0
178,"m",1,1,1,0,1,1,0,1,1,0
179,"m",0,0,0,0,1,0,0,1,1,0
180,"m",0,1,0,0,1,0,0,0,1,0
181,"m",0,1,0,0,1,1,0,1,0,0
182,"m",0,1,0,1,1,0,0,1,1,0
183,"m",1,1,0,1,0,1,1,1,1,1
184,"m",1,1,1,1,1,1,1,1,1,0
185,"m",1,0,0,0,1,0,0,1,1,0
186,"m",1,1,0,1,1,0,0,1,0,0
187,"m",0,1,0,0,0,0,0,0,1,0
188,"m",0,1,1,0,1,0,1,1,1,0
189,"m",0,1,0,1,1,1,1,0,1,0
190,"m",1,0,0,1,1,0,0,1,0,0
191,"m",1,0,0,0,1,0,0,1,0,0
192,"m",0,0,0,0,1,1,0,1,1,0
193,"m",0,0,1,1,1,1,0,1,1,0
194,"m",1,1,0,1,1,0,0,1,1,0
195,"m",0,1,0,0,1,1,0,0,1,0
196,"m",0,1,1,1,1,1,1,1,1,0
197,"m",1,1,1,1,1,0,0,0,1,0
198,"m",0,1,0,0,1,0,0,1,0,0
199,"m",0,1,0,0,1,0,0,1,0,0
200,"m",1,1,0,0,1,1,1,1,0,0
201,"m",0,0,0,0,1,0,0,0,1,1
202,"m",1,1,0,1,1,1,0,1,1,0
203,"m",0,0,0,1,1,1,0,0,0,1
204,"m",0,1,1,0,1,0,1,1,1,0
205,"m",1,1,0,0,1,0,0,1,1,0
206,"m",1,1,0,0,1,0,1,0,1,0
207,"m",0,1,0,0,1,1,0,0,0,0
208,"m",0,1,1,0,1,0,0,0,1,0
209,"m",1,1,1,0,1,0,0,1,1,0
210,"m",0,1,1,0,1,0,0,1,0,0
211,"m",1,1,0,0,1,1,1,1,1,0
212,"m",1,1,1,0,1,1,0,0,1,1
213,"m",0,1,0,0,1,0,1,0,0,1
214,"m",0,0,0,0,1,1,0,0,0,0
215,"m",0,1,0,0,0,0,0,0,0,0
216,"m",0,1,0,0,1,1,0,1,1,0
217,"m",0,0,0,0,1,0,0,0,0,1
218,"m",1,0,0,1,1,0,0,0,1,0
219,"m",0,1,0,0,1,1,0,0,0,0
220,"m",1,1,1,0,1,0,0,1,0,0
221,"m",1,0,1,0,1,1,0,1,1,1
222,"m",0,0,0,0,1,0,0,0,0,0
223,"m",0,1,0,0,1,0,0,1,1,0
224,"m",0,0,0,0,1,0,0,0,0,0
225,"m",1,0,0,1,1,1,0,1,0,0
226,"m",0,0,1,0,0,0,0,0,0,0
227,"m",1,1,0,1,1,1,1,1,1,0
228,"m",1,1,1,1,1,1,0,0,1,1
229,"m",0,0,0,1,1,0,0,1,0,0
230,"m",1,1,1,0,1,1,1,1,1,1
231,"m",1,1,1,0,1,0,0,1,1,0
232,"m",0,1,0,1,1,0,0,1,1,0
233,"m",1,1,1,0,1,1,1,0,1,0
234,"m",1,1,0,0,1,0,1,1,1,1
235,"m",0,0,0,0,1,0,0,1,0,0
236,"m",1,0,1,0,1,0,1,0,1,0
237,"m",0,1,1,0,1,1,1,0,0,0
238,"m",1,0,0,1,1,1,1,1,1,1
239,"m",0,1,0,0,0,0,0,1,1,0
240,"m",1,0,0,0,1,0,0,0,1,0
241,"m",0,0,0,0,1,0,0,0,0,0
242,"m",1,1,1,0,1,0,1,1,1,0
243,"m",0,1,1,1,1,0,1,1,1,0
244,"m",0,1,1,1,1,1,0,1,1,0
245,"m",0,1,1,0,1,0,1,1,1,1
246,"m",0,1,0,0,1,0,0,1,1,0
247,"m",1,1,0,0,1,0,0,1,1,1
248,"m",0,1,1,1,1,1,1,1,1,0
249,"m",1,1,1,0,0,0,1,0,1,0
250,"m",1,1,0,0,0,0,0,0,0,0
251,"m",1,1,1,0,1,0,1,0,0,0
252,"m",0,1,1,0,1,0,0,1,1,0
253,"m",0,0,0,0,1,0,0,0,0,0
254,"m",0,0,0,0,1,0,0,0,0,0
255,"m",0,0,0,1,1,1,0,1,1,0
256,"m",0,1,1,1,0,0,0,1,0,0
257,"m",1,1,1,1,1,0,1,0,1,0
258,"m",0,1,0,0,1,0,0,0,1,0
259,"m",1,1,0,0,1,0,0,1,0,0
260,"m",0,0,0,0,1,0,0,0,0,0
261,"m",1,0,0,1,1,1,0,0,0,0
262,"m",1,0,0,0,1,0,1,1,1,0
263,"m",1,1,1,0,1,1,0,1,1,0
264,"m",0,0,1,0,0,0,0,1,0,0
265,"m",0,1,0,0,0,0,0,1,1,0
266,"m",0,0,0,1,1,0,0,1,0,0
267,"m",0,1,0,0,1,1,0,1,1,0
268,"m",0,1,0,0,1,0,0,0,1,0
269,"m",0,0,1,0,1,0,1,0,1,0
270,"m",0,0,0,1,1,0,1,0,0,0
271,"m",1,1,0,0,1,1,1,0,1,0
272,"m",0,1,0,0,1,0,0,0,1,0
273,"m",1,0,0,0,1,0,0,0,0,0
274,"m",0,1,0,1,1,0,0,1,1,0
275,"m",1,1,0,0,1,0,1,1,1,0
276,"m",0,0,0,0,1,0,0,1,1,1
277,"m",0,0,0,0,1,1,0,1,1,0
278,"m",0,1,1,0,1,1,0,1,1,1
279,"m",1,0,0,1,1,1,1,1,1,0
280,"m",1,1,1,1,0,0,0,0,1,0
281,"m",1,1,0,0,1,1,0,1,1,0
282,"m",1,1,1,1,1,1,0,1,1,0
283,"m",0,1,0,0,1,1,0,0,0,0
284,"m",0,1,0,0,1,0,0,1,1,1
285,"m",1,1,0,0,1,1,0,0,1,0
286,"m",0,1,1,1,1,1,0,1,1,0
287,"m",0,1,1,0,0,0,0,1,1,0
288,"m",0,1,1,0,1,0,0,0,0,0
289,"m",0,0,0,0,1,0,0,0,0,0
290,"m",1,0,0,0,1,1,1,0,1,0
291,"m",0,0,0,0,1,1,1,0,0,0
292,"m",0,1,0,1,1,0,0,1,1,0
293,"m",1,1,0,0,1,1,1,1,1,0
294,"m",1,1,0,1,1,0,1,1,0,0
295,"m",1,1,1,1,1,1,0,1,1,0
296,"m",0,1,1,1,1,0,0,1,1,0
297,"m",1,1,0,0,1,0,0,0,0,0
298,"m",0,0,0,0,1,0,0,1,1,0
299,"m",0,1,0,0,1,0,0,1,0,0
300,"m",1,1,0,0,1,0,0,1,1,0
301,"m",1,1,0,0,1,1,1,0,1,0
302,"m",1,1,1,1,1,0,0,1,1,0
303,"m",0,1,1,1,1,1,0,1,1,1
304,"m",1,1,0,1,1,0,1,1,0,0
305,"m",1,1,0,0,1,0,1,1,1,0
306,"m",0,1,0,0,1,0,0,0,0,0
307,"m",1,1,0,1,1,1,0,0,0,1
308,"m",1,1,0,1,0,1,1,1,1,0
309,"m",1,1,1,0,1,0,1,1,1,0
310,"m",1,1,0,0,1,0,1,1,1,0
311,"m",1,1,1,0,1,0,0,1,0,0
312,"m",0,0,0,0,0,0,0,1,0,0
313,"m",0,0,0,0,0,0,0,1,0,0
314,"m",1,1,1,0,1,0,0,1,1,0
315,"m",0,1,0,1,1,0,1,1,1,0
316,"m",1,1,0,0,1,1,1,0,0,1
317,"m",1,1,1,1,1,0,0,0,1,0
318,"m",0,0,0,0,1,0,0,1,0,0
319,"m",0,1,0,0,1,0,0,1,1,0
320,"m",1,1,1,0,1,1,1,0,0,0
321,"m",1,0,0,0,1,1,0,1,0,0
322,"m",0,1,0,0,1,1,1,1,1,0
323,"m",0,1,0,0,1,0,0,0,1,0
324,"m",0,1,0,0,1,0,0,0,0,0
325,"m",1,1,1,0,1,1,1,1,1,0
326,"m",0,1,0,0,1,0,0,0,1,0
327,"m",1,1,0,1,1,0,0,0,0,0
328,"m",1,1,0,0,0,0,0,0,1,0
329,"m",1,1,0,1,1,0,1,0,1,0
330,"m",0,1,0,0,0,0,0,1,1,0
331,"m",0,1,0,0,1,1,0,1,1,0
332,"m",0,0,0,0,0,0,0,0,0,0
333,"m",0,1,0,0,0,0,0,1,0,0
334,"m",1,1,1,0,1,1,0,1,1,1
335,"m",0,0,0,0,0,0,0,0,1,0
336,"m",1,1,0,0,1,0,1,1,0,0
337,"m",1,1,0,1,1,1,0,1,1,0
338,"m",1,1,0,0,1,0,1,1,1,1
339,"m",0,1,0,0,1,0,0,0,0,0
340,"m",1,1,0,1,1,1,0,0,1,0
341,"m",0,0,0,1,1,1,1,1,1,0
342,"m",1,1,1,0,1,1,1,1,1,0
343,"m",1,1,0,0,1,0,0,0,0,0
344,"m",1,1,0,1,1,0,0,0,1,0
345,"m",1,1,1,1,1,1,0,1,1,0
346,"m",0,0,0,0,1,0,0,0,1,0
347,"m",1,1,0,1,1,1,0,1,1,0
348,"m",0,0,1,0,1,0,0,0,0,0
349,"m",1,0,0,0,1,0,0,0,0,0
350,"m",0,0,0,0,1,0,0,0,0,0
351,"m",1,0,0,0,1,1,0,1,1,0
352,"m",1,1,0,0,1,0,1,1,1,0
353,"m",0,1,0,1,1,0,0,0,1,0
354,"m",0,1,0,0,1,1,0,0,1,1
355,"m",1,1,0,0,1,1,1,0,1,0
356,"m",0,1,0,0,1,0,1,1,0,0
357,"m",1,1,1,0,0,1,0,1,1,0
358,"m",0,1,0,0,1,0,0,0,1,0
359,"m",0,1,0,0,1,0,1,1,1,0
360,"m",1,0,1,1,1,1,1,1,1,1
361,"m",1,0,1,1,1,1,1,1,1,0
362,"m",0,1,0,0,1,0,0,1,0,0
363,"m",0,1,1,1,1,1,0,1,0,0
364,"m",1,0,0,0,1,0,0,0,0,0
365,"m",0,1,1,0,1,1,0,1,1,0
366,"m",1,1,0,0,1,0,0,0,0,0
367,"m",0,0,1,0,1,1,0,1,0,0
368,"m",0,1,1,1,1,1,1,0,0,1
369,"m",0,1,1,0,1,1,0,0,1,0
370,"m",1,1,0,1,1,0,1,1,0,0
371,"m",0,0,1,1,1,0,1,0,1,1
372,"m",0,1,0,0,1,1,1,1,0,1
373,"m",0,1,0,0,1,1,0,0,1,0
374,"m",1,1,0,0,1,0,0,0,1,0
375,"m",1,1,1,0,1,1,0,1,1,0
376,"m",1,1,0,0,1,0,1,1,1,0
377,"m",0,0,0,0,1,1,0,0,0,0
378,"m",0,1,1,0,1,1,0,0,0,0
379,"m",0,1,1,0,1,1,0,1,1,1
380,"m",0,1,1,1,1,1,1,1,1,1
381,"m",1,0,1,1,1,1,1,0,1,0
382,"m",0,1,0,1,1,0,0,1,0,0
383,"m",1,1,1,1,1,0,1,1,1,0
384,"m",1,1,0,1,1,0,0,0,1,0
385,"m",1,1,1,1,1,1,1,1,1,0
386,"m",1,1,0,0,1,1,1,0,0,0
387,"m",1,1,0,1,1,0,0,1,1,0
388,"m",1,1,1,0,1,1,0,1,1,0
389,"m",0,1,0,0,1,1,0,1,1,0
390,"m",0,1,0,0,1,0,0,0,1,0
391,"m",0,1,1,0,1,1,0,1,1,0
392,"m",0,1,1,1,1,0,1,1,1,0
393,"m",0,1,0,0,0,0,0,1,1,0
394,"m",0,0,0,0,1,0,0,1,1,0
395,"m",1,1,0,0,0,0,0,1,0,0
396,"m",0,0,0,0,1,0,0,0,0,1
397,"m",0,0,0,0,1,0,0,0,1,0
398,"m",1,1,0,0,1,0,0,1,1,0
399,"m",0,1,0,0,0,0,0,1,1,0
400,"m",0,1,0,0,1,0,1,1,0,1
401,"m",0,1,0,1,1,0,0,1,1,0
402,"m",1,1,1,0,1,0,1,1,1,0
403,"m",1,1,0,1,1,1,0,1,0,0
404,"m",1,0,0,1,1,1,0,1,1,0
405,"m",0,1,0,0,1,0,0,0,0,1
406,"m",1,1,0,0,1,0,0,1,0,0
407,"m",0,1,0,1,1,1,0,0,0,0
408,"m",0,1,0,0,1,0,1,0,0,0
409,"m",1,1,0,1,1,0,1,1,1,1
410,"m",1,1,0,0,1,1,0,1,1,0
411,"m",0,0,0,1,1,0,1,1,1,1
412,"m",1,1,1,0,1,1,0,1,1,1
413,"m",1,1,1,0,1,0,1,1,1,0
414,"m",1,1,1,1,1,1,1,1,1,0
415,"m",0,1,0,1,1,1,0,1,0,0
416,"m",1,1,1,0,1,0,1,1,1,1
417,"m",1,1,1,0,1,0,1,1,1,1
418,"m",0,1,1,0,1,0,0,0,0,0
419,"m",1,1,0,0,1,1,0,0,1,0
420,"m",1,0,0,1,1,1,0,1,1,1
421,"m",1,0,1,0,1,1,0,0,1,0
422,"m",1,1,1,1,1,0,0,0,0,0
423,"m",1,1,0,1,1,0,1,1,1,0
424,"m",0,0,0,0,0,0,0,0,0,0
425,"m",0,1,0,0,1,0,0,0,1,0
426,"m",1,1,0,0,1,0,1,1,0,0
427,"m",0,1,0,0,1,0,0,1,1,0
428,"m",0,0,0,0,0,0,0,0,1,0
429,"m",1,1,1,0,1,0,0,1,1,0
430,"m",1,0,0,0,1,0,0,1,1,0
431,"m",1,1,1,0,1,1,0,1,0,0
432,"m",0,1,1,0,1,1,0,1,1,0
433,"m",1,1,1,1,1,0,0,1,0,1
434,"m",0,0,0,0,1,1,0,0,0,0
435,"m",1,1,0,1,1,0,0,0,0,0
436,"m",1,1,0,1,1,1,1,1,1,1
437,"m",0,1,0,0,1,0,0,1,0,0
438,"m",0,1,0,0,0,0,1,0,0,0
439,"m",0,1,0,1,1,1,1,1,1,0
440,"m",0,1,0,0,1,0,0,1,0,0
441,"m",0,1,1,0,1,0,0,1,1,0
442,"m",1,0,0,0,0,1,0,1,0,0
443,"m",1,0,0,0,1,0,0,0,0,0
444,"m",1,1,1,0,1,0,0,0,0,0
445,"m",1,0,0,0,1,0,0,0,1,1
446,"m",1,0,0,1,1,1,0,1,1,0
447,"m",1,1,1,0,1,1,0,1,1,0
448,"m",0,0,1,0,1,0,0,0,1,0
449,"m",1,1,0,0,1,1,0,1,0,0
450,"m",1,1,1,1,0,1,1,1,1,0
451,"m",1,1,0,1,1,1,0,1,1,0
452,"m",1,1,0,1,1,1,0,1,1,1
453,"m",0,0,0,1,1,0,0,1,0,0
454,"m",0,1,0,0,0,0,1,1,0,0
455,"m",1,1,1,1,1,1,0,1,1,1
456,"m",0,0,1,0,1,0,0,1,1,0
457,"m",0,1,1,0,1,1,1,1,1,0
458,"m",1,1,0,0,1,0,0,1,0,0
459,"m",0,1,0,0,1,0,0,1,1,0
460,"m",0,1,1,0,1,0,0,0,1,0
461,"m",0,1,0,0,1,1,0,1,1,0
462,"m",1,1,0,0,0,0,1,0,0,0
463,"m",1,0,0,0,1,0,0,0,1,0
464,"m",0,0,0,0,1,0,0,0,1,0
465,"m",0,0,0,1,1,1,0,0,0,0
466,"m",1,1,1,1,1,1,0,1,1,0
467,"m",1,1,0,1,0,0,0,1,0,0
468,"m",1,1,0,0,1,1,1,0,1,0
469,"m",1,1,1,1,1,0,0,1,1,0
470,"m",0,1,0,0,1,0,0,0,0,0
471,"m",0,1,0,0,1,0,0,1,1,0
472,"m",1,1,0,0,1,0,0,0,1,0
473,"m",0,1,0,0,1,0,1,0,0,1
474,"m",1,1,1,0,1,0,1,1,1,1
475,"m",1,1,1,1,1,0,0,1,1,0
476,"m",0,1,0,0,1,0,0,1,1,0
477,"m",0,1,0,0,1,1,0,1,1,0
478,"m",0,1,0,1,1,0,1,1,1,0
479,"m",1,1,1,1,1,0,0,1,1,0
480,"m",0,1,0,1,1,1,0,1,1,0
481,"m",0,0,0,0,1,0,0,0,0,0
482,"m",0,1,0,0,0,0,0,0,0,0
483,"m",0,1,0,1,1,0,0,1,1,0
484,"m",0,1,1,0,1,0,1,0,0,0
485,"m",0,0,0,1,1,0,0,0,1,0
486,"m",0,1,0,0,1,1,1,1,1,0
487,"m",0,0,0,0,1,0,0,0,1,0
488,"m",0,0,0,0,1,0,0,0,0,0
489,"m",1,1,0,0,1,1,1,1,1,0
490,"m",0,1,0,0,1,0,0,0,0,0
491,"m",1,1,1,1,1,1,0,0,1,1
492,"m",1,0,0,0,1,1,1,0,1,0
493,"m",0,1,1,0,1,0,0,1,1,0
494,"m",0,0,0,0,1,0,0,0,1,0
495,"m",1,1,1,1,1,1,1,1,1,1
496,"m",0,0,0,0,1,0,0,1,0,0
497,"m",1,0,0,0,1,0,1,0,1,1
498,"m",1,1,0,1,1,0,0,0,0,0
499,"m",1,1,0,1,0,1,0,1,1,1
500,"m",1,1,1,1,1,0,0,1,1,1
501,"f",0,1,0,0,1,0,0,1,0,0
502,"f",1,1,0,0,1,0,0,0,0,1
503,"f",1,0,0,0,1,0,0,0,1,0
504,"f",1,1,1,0,1,0,0,1,1,0
505,"f",1,1,0,1,1,0,0,1,0,1
506,"f",1,1,0,0,1,0,0,0,0,0
507,"f",1,1,1,0,1,0,0,1,1,1
508,"f",1,1,1,1,1,1,0,1,1,1
509,"f",1,0,0,0,1,0,0,0,0,0
510,"f",1,1,1,0,0,1,1,0,1,1
511,"f",1,1,0,1,1,0,1,1,1,1
512,"f",1,1,1,0,1,1,1,0,1,0
513,"f",1,1,0,0,1,1,0,1,1,0
514,"f",0,1,0,0,1,0,0,0,0,0
515,"f",0,1,0,1,1,0,0,1,1,0
516,"f",0,1,1,1,1,0,0,0,1,0
517,"f",0,1,1,1,1,1,1,1,1,0
518,"f",0,1,0,1,1,0,1,0,1,0
519,"f",1,1,1,0,1,0,0,1,1,0
520,"f",0,1,1,1,1,0,0,1,1,0
521,"f",0,0,0,0,0,0,0,0,0,0
522,"f",1,1,1,1,1,0,0,1,1,0
523,"f",0,1,0,1,0,0,0,1,1,0
524,"f",0,1,0,0,1,0,1,1,1,0
525,"f",1,0,0,0,0,0,0,0,1,0
526,"f",1,1,0,1,1,1,0,0,1,1
527,"f",0,1,0,0,1,1,1,0,1,0
528,"f",1,1,0,0,1,0,1,1,1,0
529,"f",1,1,1,1,1,0,0,1,1,0
530,"f",1,1,1,0,0,0,0,1,1,0
531,"f",1,1,0,1,1,0,0,0,0,0
532,"f",1,1,1,0,0,0,0,0,1,0
533,"f",1,1,1,0,1,0,0,1,1,0
534,"f",1,1,0,0,1,0,0,0,1,0
535,"f",1,1,0,0,1,0,0,0,1,0
536,"f",0,1,1,1,0,0,0,0,1,0
537,"f",0,1,0,0,0,0,0,0,1,0
538,"f",1,1,1,1,1,0,0,1,1,1
539,"f",0,1,0,0,1,0,0,0,1,0
540,"f",1,1,0,1,1,0,0,1,0,0
541,"f",0,0,1,0,0,0,0,0,0,0
542,"f",0,0,0,0,0,0,0,0,1,0
543,"f",1,0,0,0,0,0,0,0,1,0
544,"f",0,0,0,0,1,0,0,0,1,0
545,"f",1,1,1,1,1,0,0,1,1,1
546,"f",0,1,0,1,1,0,0,0,1,1
547,"f",1,1,1,1,1,0,0,0,0,0
548,"f",1,0,0,1,1,1,1,0,1,0
549,"f",1,1,0,0,1,1,0,1,1,0
550,"f",0,1,0,0,1,0,0,0,1,0
551,"f",0,1,0,0,1,0,0,1,0,0
552,"f",1,1,0,1,1,0,0,0,1,0
553,"f",1,1,1,1,1,0,0,1,1,0
554,"f",1,1,1,1,1,0,0,0,1,1
555,"f",1,1,0,1,1,1,1,1,1,1
556,"f",0,0,0,1,1,0,0,0,1,0
557,"f",1,1,0,0,1,0,0,1,0,0
558,"f",0,0,0,0,1,0,0,0,1,0
559,"f",1,1,0,1,1,0,0,0,1,0
560,"f",1,0,0,1,1,0,1,0,1,0
561,"f",1,1,0,0,1,1,0,1,1,0
562,"f",0,1,0,0,0,0,0,0,1,0
563,"f",0,1,0,0,1,0,0,0,1,0
564,"f",0,0,1,0,1,0,1,0,1,0
565,"f",0,1,1,1,0,0,0,0,1,0
566,"f",0,1,0,1,1,0,0,0,0,0
567,"f",1,0,0,0,1,0,0,0,1,0
568,"f",1,1,0,0,1,0,0,1,1,0
569,"f",0,0,0,0,0,0,0,0,0,0
570,"f",1,1,1,0,1,0,0,1,1,0
571,"f",1,1,0,0,0,0,0,1,0,0
572,"f",1,1,0,0,1,1,0,0,1,0
573,"f",0,1,0,1,1,0,0,1,1,0
574,"f",1,1,1,0,1,0,0,1,1,1
575,"f",1,1,1,1,1,0,0,0,1,0
576,"f",1,0,0,0,1,0,1,0,1,0
577,"f",1,0,0,0,1,0,0,0,0,0
578,"f",0,1,0,1,1,0,0,0,1,0
579,"f",0,1,0,0,0,0,0,1,0,0
580,"f",0,1,0,1,0,0,0,0,0,0
581,"f",0,1,1,1,1,0,0,1,1,0
582,"f",0,1,0,0,1,0,0,1,1,0
583,"f",1,0,1,1,1,0,0,1,1,0
584,"f",0,0,0,0,0,0,0,1,1,0
585,"f",0,1,0,1,0,0,0,0,0,0
586,"f",1,1,0,0,1,0,0,0,1,0
587,"f",1,1,1,0,1,1,0,0,1,0
588,"f",0,1,0,0,1,0,0,0,1,0
589,"f",1,1,0,0,0,0,0,0,0,0
590,"f",1,1,0,0,1,1,0,0,1,0
591,"f",0,0,0,0,0,0,0,0,0,0
592,"f",0,1,0,1,1,0,0,1,1,0
593,"f",0,1,0,0,1,0,0,0,1,0
594,"f",0,1,0,0,1,0,0,1,0,0
595,"f",0,0,0,0,0,0,0,0,1,0
596,"f",0,1,0,1,0,0,1,0,1,0
597,"f",1,1,0,1,1,0,0,1,1,0
598,"f",0,1,1,1,1,1,0,1,1,1
599,"f",0,1,1,0,1,0,0,0,1,1
600,"f",0,1,0,0,0,0,0,0,1,0
601,"f",1,1,0,1,1,0,1,1,1,1
602,"f",0,1,0,0,1,0,0,0,0,0
603,"f",1,1,1,1,1,0,0,0,1,0
604,"f",1,0,0,0,1,0,0,0,1,0
605,"f",0,1,0,0,1,0,0,1,1,0
606,"f",1,1,1,0,1,0,0,0,0,0
607,"f",1,0,0,0,0,0,0,0,1,0
608,"f",0,1,1,0,0,0,0,1,1,0
609,"f",1,1,0,1,1,0,1,1,1,0
610,"f",0,1,0,1,1,0,0,1,0,0
611,"f",0,1,0,0,1,0,0,0,1,0
612,"f",1,1,1,0,1,1,0,0,1,0
613,"f",1,0,0,1,1,0,0,0,1,0
614,"f",0,0,0,0,1,0,0,1,0,0
615,"f",1,1,1,0,1,0,0,1,1,0
616,"f",1,1,0,1,1,1,0,1,1,0
617,"f",1,1,0,0,1,0,0,1,0,0
618,"f",0,0,1,0,1,0,0,1,1,0
619,"f",1,1,1,1,1,1,0,1,0,0
620,"f",0,1,0,0,1,0,0,0,1,0
621,"f",1,1,1,1,1,0,1,1,1,0
622,"f",0,1,0,0,1,0,0,1,1,1
623,"f",1,1,0,0,1,0,0,1,0,0
624,"f",1,1,1,1,1,0,0,1,1,0
625,"f",1,1,0,0,1,0,0,1,1,0
626,"f",1,0,0,0,0,0,0,0,0,0
627,"f",0,1,0,0,1,0,1,0,1,0
628,"f",0,1,0,0,0,0,0,0,1,0
629,"f",0,1,0,0,0,0,0,1,1,1
630,"f",1,0,1,0,1,1,0,1,1,1
631,"f",1,1,1,1,0,0,0,1,1,0
632,"f",1,0,0,0,0,0,0,0,1,0
633,"f",1,1,1,0,1,0,0,1,1,1
634,"f",0,1,0,0,1,0,0,0,1,0
635,"f",1,1,0,0,0,1,0,0,1,0
636,"f",1,1,0,0,1,0,0,1,0,1
637,"f",1,0,0,0,1,0,0,0,0,0
638,"f",1,1,0,0,1,0,0,0,1,0
639,"f",0,1,0,0,1,0,1,0,0,0
640,"f",1,1,0,0,0,0,0,0,1,0
641,"f",1,0,0,1,0,0,0,0,1,0
642,"f",0,1,1,1,1,1,1,1,1,1
643,"f",0,1,0,0,0,1,0,0,1,0
644,"f",0,0,0,0,1,0,0,1,0,0
645,"f",1,1,1,0,1,0,0,1,1,1
646,"f",0,1,1,0,1,1,0,1,0,0
647,"f",1,1,0,0,1,0,0,1,0,1
648,"f",0,1,0,1,1,0,0,1,0,0
649,"f",0,0,0,0,0,0,0,0,1,0
650,"f",0,1,0,1,1,0,0,0,1,0
651,"f",1,0,0,0,0,0,0,1,0,0
652,"f",0,0,0,0,1,0,0,0,1,0
653,"f",0,1,0,0,1,0,1,1,1,0
654,"f",1,1,0,0,1,1,0,0,1,1
655,"f",0,0,0,0,1,0,0,1,1,0
656,"f",0,0,1,1,0,0,0,0,0,0
657,"f",1,1,0,0,1,0,0,1,1,0
658,"f",1,1,0,0,1,0,0,1,1,0
659,"f",0,0,0,1,1,1,0,1,1,0
660,"f",0,0,1,0,1,0,0,1,1,0
661,"f",0,1,0,0,1,0,0,0,0,0
662,"f",1,1,0,0,1,0,1,1,1,0
663,"f",1,1,0,1,1,0,0,0,1,0
664,"f",1,1,0,0,1,1,0,0,1,0
665,"f",1,1,0,0,0,0,1,1,1,0
666,"f",0,1,0,0,1,0,0,0,1,0
667,"f",1,1,1,1,1,0,1,1,1,1
668,"f",0,1,0,0,1,0,0,0,1,0
669,"f",0,1,0,0,1,0,0,1,1,0
670,"f",1,1,1,0,1,1,0,0,1,1
671,"f",0,0,0,0,0,0,0,0,0,0
672,"f",1,1,0,0,0,0,0,1,0,0
673,"f",0,1,0,0,0,0,0,0,0,0
674,"f",0,0,0,0,0,0,0,1,0,0
675,"f",0,1,0,0,1,0,0,1,0,0
676,"f",0,0,0,0,0,0,0,0,0,0
677,"f",0,1,0,0,0,0,0,1,0,0
678,"f",1,0,0,0,1,0,0,1,1,0
679,"f",1,1,1,1,1,0,0,1,1,1
680,"f",0,1,1,0,1,0,1,0,1,0
681,"f",1,1,1,0,1,1,0,0,0,0
682,"f",0,1,1,0,1,0,1,0,0,0
683,"f",1,1,1,0,0,1,1,0,1,0
684,"f",0,0,0,1,1,0,0,1,1,0
685,"f",1,1,0,1,1,1,0,0,1,1
686,"f",0,1,1,0,1,0,1,1,1,0
687,"f",0,1,0,1,1,0,0,0,1,0
688,"f",1,1,1,1,1,0,0,0,1,0
689,"f",1,1,0,1,1,1,0,0,1,1
690,"f",1,0,0,0,1,0,0,1,1,0
691,"f",0,1,0,0,0,0,0,0,1,0
692,"f",1,1,0,1,1,0,0,0,0,1
693,"f",0,0,0,0,0,0,0,0,1,0
694,"f",0,1,0,0,1,1,0,1,0,0
695,"f",1,0,0,0,0,0,0,0,0,0
696,"f",0,1,0,0,1,0,0,1,1,0
697,"f",1,1,1,1,1,1,0,1,1,0
698,"f",0,0,0,0,0,0,0,1,0,0
699,"f",1,1,1,0,0,0,1,1,1,1
700,"f",1,1,1,1,1,0,1,1,1,0
701,"f",0,1,1,0,0,0,0,0,1,0
702,"f",0,1,0,0,0,0,0,1,1,0
703,"f",1,1,0,0,1,0,0,0,0,0
704,"f",0,1,1,0,1,0,0,0,0,0
705,"f",1,1,0,0,1,1,0,1,0,0
706,"f",0,0,0,0,0,0,0,0,1,0
707,"f",0,1,0,0,1,0,0,1,1,0
708,"f",0,0,0,0,1,0,1,0,1,0
709,"f",0,1,0,0,0,0,0,0,1,0
710,"f",0,1,0,0,1,0,0,1,1,0
711,"f",0,1,0,1,1,0,1,1,1,0
712,"f",1,1,1,1,1,0,0,1,1,0
713,"f",1,1,0,0,1,1,0,1,0,0
714,"f",0,1,0,0,1,0,0,0,1,0
715,"f",0,0,0,0,0,0,0,0,0,0
716,"f",0,1,0,0,0,0,0,0,0,0
717,"f",0,1,0,0,1,0,1,0,1,0
718,"f",0,1,0,0,1,1,0,0,1,0
719,"f",1,1,0,1,1,0,0,0,0,1
720,"f",0,1,1,0,1,0,0,0,0,0
721,"f",0,1,0,1,1,0,0,0,0,0
722,"f",0,1,0,0,0,0,0,0,1,1
723,"f",1,1,1,0,1,0,1,1,1,1
724,"f",0,1,0,0,0,1,0,0,1,0
725,"f",1,1,0,0,0,0,0,0,0,0
726,"f",0,1,1,0,1,0,1,0,0,0
727,"f",0,0,0,0,1,0,0,1,1,0
728,"f",0,1,1,0,1,1,0,0,1,0
729,"f",1,1,0,0,1,0,0,1,0,0
730,"f",1,0,1,0,1,1,0,1,1,0
731,"f",1,0,0,0,1,0,0,0,0,0
732,"f",0,1,0,1,1,0,0,0,1,0
733,"f",0,1,0,0,1,0,0,1,1,0
734,"f",1,0,0,1,1,0,0,1,1,0
735,"f",1,1,1,1,1,0,0,0,1,1
736,"f",1,1,0,0,0,1,0,0,1,0
737,"f",0,0,0,1,0,0,0,1,1,0
738,"f",0,1,0,0,1,0,0,0,1,0
739,"f",0,0,0,0,1,0,0,0,0,0
740,"f",1,1,1,1,1,1,0,0,1,1
741,"f",0,0,0,0,1,0,0,0,0,1
742,"f",0,1,0,0,0,0,0,0,1,0
743,"f",1,1,0,0,1,0,0,0,1,0
744,"f",1,0,1,0,1,0,0,0,1,0
745,"f",0,0,0,0,1,0,0,0,0,0
746,"f",0,0,0,0,1,0,0,0,0,0
747,"f",1,1,0,0,1,0,0,1,1,1
748,"f",1,1,1,0,1,0,0,1,1,1
749,"f",0,0,0,0,1,0,0,0,0,0
750,"f",1,1,0,1,1,0,0,0,1,0
751,"f",0,1,0,0,0,0,0,0,0,0
752,"f",0,1,0,0,1,0,0,1,0,0
753,"f",0,1,1,0,1,0,0,0,1,0
754,"f",1,1,1,0,1,0,0,1,1,0
755,"f",1,1,0,0,0,0,0,1,1,0
756,"f",0,0,1,0,1,0,0,0,1,0
757,"f",1,0,1,0,0,0,0,0,1,0
758,"f",1,0,0,0,1,0,0,0,0,0
759,"f",0,1,1,1,1,0,0,1,1,0
760,"f",0,1,1,0,1,0,0,0,1,0
761,"f",0,1,1,1,0,0,0,0,1,0
762,"f",1,0,1,1,1,0,0,0,1,0
763,"f",1,1,0,0,0,0,0,0,1,1
764,"f",1,1,0,1,1,0,0,1,1,0
765,"f",1,0,0,0,1,0,1,0,1,0
766,"f",0,1,0,0,0,0,0,1,1,0
767,"f",1,0,0,0,1,1,0,0,1,0
768,"f",1,1,0,1,1,1,0,1,1,0
769,"f",1,1,1,0,1,1,0,0,1,0
770,"f",1,1,0,1,1,1,0,1,1,0
771,"f",0,0,0,0,0,0,0,0,1,0
772,"f",1,1,1,0,1,0,0,0,1,1
773,"f",1,1,0,0,1,0,0,0,1,1
774,"f",1,1,1,1,1,0,1,1,0,0
775,"f",1,0,0,1,1,0,0,0,1,0
776,"f",1,1,1,0,1,1,0,1,1,0
777,"f",0,0,0,0,1,0,0,0,0,0
778,"f",0,1,0,0,0,0,0,0,1,0
779,"f",0,1,0,0,0,0,0,0,1,0
780,"f",0,1,0,0,1,0,0,0,1,0
781,"f",1,1,1,1,1,1,0,1,1,1
782,"f",1,1,0,0,1,1,1,0,1,0
783,"f",1,1,0,1,1,0,0,0,1,1
784,"f",0,0,1,0,1,1,0,1,1,1
785,"f",1,1,0,0,1,0,0,0,1,0
786,"f",0,1,0,0,1,0,0,0,1,0
787,"f",0,1,0,0,1,0,0,0,0,0
788,"f",0,1,0,0,1,0,1,0,0,0
789,"f",1,1,0,1,0,0,1,1,1,0
790,"f",1,1,0,0,1,0,0,1,1,0
791,"f",0,1,0,1,1,0,0,0,1,0
792,"f",1,0,0,0,1,1,0,0,0,0
793,"f",1,0,1,1,1,1,0,1,1,0
794,"f",1,0,0,1,1,0,0,1,1,0
795,"f",1,1,0,0,1,0,0,0,0,0
796,"f",0,0,0,0,0,0,1,0,0,0
797,"f",0,0,0,0,0,0,0,0,0,0
798,"f",1,1,1,0,1,0,1,1,1,0
799,"f",0,1,0,0,1,0,0,0,1,0
800,"f",1,0,0,0,0,0,0,0,0,0
801,"f",0,0,0,1,1,0,0,0,0,1
802,"f",0,0,0,0,1,0,0,0,1,0
803,"f",0,0,1,0,0,1,0,1,1,0
804,"f",0,0,0,0,1,0,0,0,0,0
805,"f",0,0,0,1,1,1,0,0,1,0
806,"f",0,1,0,0,1,1,0,1,1,1
807,"f",0,1,0,0,1,0,0,0,0,0
808,"f",1,1,0,1,1,1,0,1,1,0
809,"f",0,0,0,0,1,1,0,0,1,0
810,"f",0,1,0,0,1,0,1,0,1,0
811,"f",1,0,0,0,1,0,0,0,1,0
812,"f",1,0,0,0,0,1,0,0,1,0
813,"f",1,1,0,0,1,0,0,0,0,0
814,"f",1,1,0,1,1,0,0,1,1,0
815,"f",0,1,0,0,1,1,1,1,1,0
816,"f",1,0,0,0,1,0,1,0,1,1
817,"f",1,1,0,0,1,1,0,1,1,1
818,"f",0,1,0,0,0,0,0,0,1,0
819,"f",1,1,0,0,0,0,0,1,1,0
820,"f",1,1,0,0,0,0,1,0,1,0
821,"f",1,1,0,1,1,0,0,1,1,0
822,"f",1,0,1,1,1,0,0,0,0,0
823,"f",1,0,0,1,0,1,0,1,1,1
824,"f",0,1,0,0,0,0,0,0,1,0
825,"f",0,1,0,0,0,0,0,0,1,0
826,"f",0,0,0,0,0,0,0,1,1,0
827,"f",1,0,0,0,1,0,0,0,1,0
828,"f",0,0,0,1,0,0,0,0,1,0
829,"f",0,1,0,0,1,0,0,0,1,1
830,"f",0,1,0,0,1,0,1,1,0,0
831,"f",1,1,1,0,1,1,0,1,0,1
832,"f",0,1,1,1,1,1,0,0,1,0
833,"f",0,0,0,1,1,1,0,0,1,0
834,"f",0,1,1,0,0,0,0,1,1,1
835,"f",0,1,0,0,1,0,0,0,1,0
836,"f",0,1,0,1,1,0,0,1,1,0
837,"f",0,0,0,0,0,0,0,0,0,0
838,"f",1,1,1,0,1,0,1,0,1,0
839,"f",1,1,0,0,1,0,1,0,1,1
840,"f",0,1,1,0,1,0,0,0,0,1
841,"f",0,1,1,0,1,0,0,1,0,0
842,"f",0,0,0,0,1,0,0,0,1,0
843,"f",1,1,0,1,0,0,0,1,1,0
844,"f",0,1,1,1,1,1,1,0,1,0
845,"f",1,1,1,0,1,0,1,0,0,0
846,"f",1,1,1,0,1,0,0,0,1,0
847,"f",0,1,0,0,1,0,0,0,1,0
848,"f",1,1,1,0,1,1,0,0,1,0
849,"f",1,1,1,0,1,1,0,1,0,0
850,"f",1,1,0,1,1,0,1,0,1,0
851,"f",1,1,1,1,0,0,1,1,1,1
852,"f",1,1,1,1,1,1,0,1,1,1
853,"f",0,0,0,0,1,0,0,1,1,0
854,"f",1,1,0,1,1,0,1,1,1,0
855,"f",1,0,0,0,1,0,0,0,1,0
856,"f",1,1,0,1,1,1,0,1,1,1
857,"f",1,1,1,1,1,0,0,0,0,0
858,"f",1,1,1,1,1,1,0,0,1,0
859,"f",0,0,0,0,1,0,0,1,1,0
860,"f",1,1,1,1,1,1,1,1,1,0
861,"f",0,0,0,0,0,0,0,0,1,0
862,"f",0,1,0,0,1,0,0,1,1,0
863,"f",1,1,1,1,1,1,1,1,1,0
864,"f",0,1,1,0,1,0,1,1,0,0
865,"f",1,1,1,1,1,1,0,1,1,0
866,"f",0,1,0,0,1,0,0,1,1,0
867,"f",1,1,1,0,1,0,0,1,1,1
868,"f",0,1,0,0,1,0,0,0,0,0
869,"f",1,1,0,0,1,0,1,0,1,0
870,"f",1,0,0,0,1,0,0,0,1,0
871,"f",0,1,0,0,1,0,0,1,1,0
872,"f",0,0,0,0,0,0,0,0,0,0
873,"f",0,0,0,0,0,0,0,1,1,0
874,"f",1,1,1,1,1,0,1,1,0,0
875,"f",1,0,0,1,1,0,0,0,1,0
876,"f",0,0,0,0,0,0,0,0,1,0
877,"f",1,1,0,1,1,0,0,1,1,1
878,"f",1,1,0,1,1,0,0,0,1,0
879,"f",0,0,0,0,1,0,0,0,1,0
880,"f",0,1,0,0,1,0,0,1,1,0
881,"f",1,1,0,0,1,0,0,1,1,0
882,"f",1,1,0,0,1,0,0,1,1,1
883,"f",1,1,1,1,1,0,0,0,1,0
884,"f",0,1,1,1,1,0,0,0,1,0
885,"f",0,1,0,0,1,0,0,1,1,0
886,"f",0,0,0,0,1,0,0,1,1,1
887,"f",1,1,1,1,1,0,1,1,1,0
888,"f",0,0,0,1,1,0,0,0,0,0
889,"f",0,1,0,0,1,0,0,0,1,0
890,"f",0,1,1,0,1,0,0,0,1,0
891,"f",0,1,0,0,1,1,0,1,1,0
892,"f",1,1,1,0,1,0,1,0,1,0
893,"f",0,1,1,1,1,0,0,1,1,0
894,"f",1,1,1,1,1,1,0,0,0,0
895,"f",0,0,1,0,1,0,0,0,1,0
896,"f",0,0,0,1,0,0,0,1,0,0
897,"f",0,1,0,1,1,0,0,1,0,0
898,"f",1,1,1,1,1,0,0,1,1,1
899,"f",0,0,0,1,0,0,0,0,0,0
900,"f",0,1,0,1,1,0,0,0,1,0
901,"f",1,1,0,1,1,0,1,1,1,0
902,"f",1,1,0,1,1,0,0,1,1,0
903,"f",0,1,0,0,1,0,0,0,0,0
904,"f",0,1,1,0,0,0,0,1,0,0
905,"f",0,0,0,0,0,0,0,0,0,0
906,"f",0,1,0,0,1,0,0,0,1,0
907,"f",0,1,1,0,1,0,0,0,1,0
908,"f",1,0,1,1,1,1,1,1,1,0
909,"f",0,1,1,0,1,0,0,0,1,0
910,"f",0,1,0,0,0,0,0,1,0,0
911,"f",0,1,1,1,1,0,1,1,1,0
912,"f",1,1,0,0,1,1,0,1,0,0
913,"f",0,1,0,0,0,0,0,0,1,0
914,"f",1,1,1,1,1,0,0,1,1,0
915,"f",0,0,1,0,1,1,0,0,1,0
916,"f",0,0,0,0,1,0,0,0,1,0
917,"f",1,1,1,1,1,0,0,1,1,0
918,"f",0,1,0,0,0,0,0,0,0,0
919,"f",1,1,0,0,1,0,0,0,1,0
920,"f",1,0,0,0,0,0,0,1,1,0
921,"f",1,1,0,0,1,0,0,0,1,0
922,"f",1,1,1,0,1,1,0,0,1,1
923,"f",0,1,0,1,1,0,0,1,1,0
924,"f",0,0,0,0,0,0,0,0,0,0
925,"f",1,1,0,1,1,0,0,1,1,0
926,"f",1,1,0,1,1,1,1,1,1,1
927,"f",1,1,1,1,1,1,0,1,1,1
928,"f",0,1,0,0,0,0,0,0,1,0
929,"f",0,0,1,0,1,0,0,1,0,0
930,"f",0,1,0,0,1,0,0,0,1,0
931,"f",0,0,1,0,0,0,0,0,0,1
932,"f",0,1,1,0,1,0,0,1,1,0
933,"f",0,1,0,1,1,0,0,1,0,0
934,"f",0,0,0,0,0,0,0,0,0,0
935,"f",0,1,0,0,0,0,0,0,1,0
936,"f",1,1,0,1,1,1,1,1,1,1
937,"f",1,1,0,0,0,0,0,0,0,0
938,"f",0,1,0,1,0,0,0,0,1,0
939,"f",0,1,0,0,1,0,0,0,0,0
940,"f",1,1,1,1,0,1,0,1,1,0
941,"f",1,1,0,0,1,0,0,1,1,1
942,"f",0,1,0,0,0,0,0,0,0,0
943,"f",1,1,1,1,1,1,0,1,1,0
944,"f",1,1,0,1,1,0,1,0,1,0
945,"f",1,1,1,1,1,1,1,1,1,1
946,"f",1,1,0,1,1,0,1,0,1,0
947,"f",1,1,0,1,1,0,1,1,1,1
948,"f",0,1,1,0,1,0,0,0,1,1
949,"f",0,1,0,0,0,0,0,1,1,0
950,"f",1,1,1,1,1,1,1,0,1,0
951,"f",1,1,0,0,1,0,0,1,0,0
952,"f",1,1,0,0,1,0,0,0,1,1
953,"f",0,0,1,0,1,0,0,1,1,0
954,"f",0,1,0,1,1,0,0,0,1,0
955,"f",1,1,0,0,1,0,0,1,1,0
956,"f",1,1,0,0,1,1,0,0,1,1
957,"f",0,1,0,0,0,0,0,1,1,0
958,"f",0,0,0,0,0,0,0,0,0,0
959,"f",1,0,0,1,1,0,1,0,1,0
960,"f",1,1,0,1,1,1,0,1,1,1
961,"f",0,0,0,0,0,0,0,0,1,0
962,"f",1,1,1,1,1,0,1,1,1,0
963,"f",1,1,0,1,1,0,0,1,1,0
964,"f",0,1,1,0,1,0,0,0,1,0
965,"f",0,1,0,1,1,0,0,0,0,1
966,"f",1,1,1,0,1,0,0,0,0,0
967,"f",1,1,1,0,1,0,0,1,1,1
968,"f",0,1,0,1,1,0,0,1,0,0
969,"f",0,1,0,0,1,0,0,1,1,0
970,"f",1,0,0,1,0,1,1,0,1,1
971,"f",0,0,0,0,1,0,0,0,0,0
972,"f",1,1,1,0,1,0,1,1,0,0
973,"f",0,1,1,0,0,0,0,1,0,0
974,"f",0,0,0,0,0,0,0,1,1,0
975,"f",0,0,0,0,1,0,0,0,0,0
976,"f",0,0,0,0,1,0,0,1,1,0
977,"f",0,0,0,0,0,1,0,0,1,0
978,"f",1,0,0,0,0,1,0,1,1,0
979,"f",1,1,0,1,1,0,0,0,1,0
980,"f",1,1,1,1,1,1,0,1,1,1
981,"f",0,1,1,0,0,0,0,0,1,0
982,"f",1,1,0,0,1,0,0,1,0,0
983,"f",1,1,0,1,1,0,0,1,0,1
984,"f",1,1,0,1,1,0,0,0,1,0
985,"f",1,1,0,0,1,1,0,1,1,1
986,"f",0,0,0,1,1,0,0,0,0,0
987,"f",1,1,1,1,0,0,1,0,1,0
988,"f",0,0,0,0,0,0,0,0,1,0
989,"f",0,1,0,0,1,0,0,0,1,0
990,"f",1,1,1,1,0,0,0,0,1,0
991,"f",1,0,0,0,1,0,0,0,1,1
992,"f",0,1,0,0,1,0,0,0,1,0
993,"f",0,0,0,0,1,0,0,0,1,0
994,"f",1,1,1,0,1,1,0,0,1,1
995,"f",0,1,0,1,1,0,0,1,1,0
996,"f",1,1,1,1,1,1,0,1,1,1
997,"f",0,0,0,0,0,0,0,0,0,0
998,"f",0,1,0,0,1,1,0,1,1,0
999,"f",1,1,1,1,1,1,0,1,1,1
1000,"f",1,0,0,0,0,0,0,1,1,0
